{
  "project_info": {
    "project_number": "877453026525",
    "firebase_url": "https://start-4db81.firebaseio.com",
    "project_id": "start-4db81",
    "storage_bucket": "start-4db81.appspot.com"
  },
  "client": [
    {
      "client_info": {
        "mobilesdk_app_id": "1:877453026525:android:703dec03ccaff424",
        "android_client_info": {
          "package_name": "org.itstep.firebasedemo"
        }
      },
      "oauth_client": [
        {
          "client_id": "877453026525-bniiaaeu7omi6m7rnpbejlusv4573g3c.apps.googleusercontent.com",
          "client_type": 3
        }
      ],
      "api_key": [
        {
          "current_key": "AIzaSyC_R2bRZws42KEjrenCPRcwLdKg90R1jCU"
        }
      ],
      "services": {
        "analytics_service": {
          "status": 1
        },
        "appinvite_service": {
          "status": 1,
          "other_platform_oauth_client": []
        },
        "ads_service": {
          "status": 2
        }
      }
    }
  ],
  "configuration_version": "1"
}