{
  "project_info": {
    "project_number": "811041995141",
    "firebase_url": "https://myapplication2-a38e9.firebaseio.com",
    "project_id": "myapplication2-a38e9",
    "storage_bucket": "myapplication2-a38e9.appspot.com"
  },
  "client": [
    {
      "client_info": {
        "mobilesdk_app_id": "1:811041995141:android:11a1d2b9e679e8b7",
        "android_client_info": {
          "package_name": "com.borovskoy.authfirebase"
        }
      },
      "oauth_client": [
        {
          "client_id": "811041995141-ngsn5sq5fivc1oabccf3k753mh1g2932.apps.googleusercontent.com",
          "client_type": 1,
          "android_info": {
            "package_name": "com.borovskoy.authfirebase",
            "certificate_hash": "6079323c7f8da8e30b0b8f83825bb6e5a2ecf0c7"
          }
        },
        {
          "client_id": "811041995141-tffdb5thdelfbmj8a5br6pl39l0mcfs4.apps.googleusercontent.com",
          "client_type": 3
        }
      ],
      "api_key": [
        {
          "current_key": "AIzaSyBqZ9WHe0PFHLnSUz6jJpHqqhKrCjJUGlw"
        }
      ],
      "services": {
        "analytics_service": {
          "status": 1
        },
        "appinvite_service": {
          "status": 2,
          "other_platform_oauth_client": [
            {
              "client_id": "811041995141-tffdb5thdelfbmj8a5br6pl39l0mcfs4.apps.googleusercontent.com",
              "client_type": 3
            }
          ]
        },
        "ads_service": {
          "status": 2
        }
      }
    },
    {
      "client_info": {
        "mobilesdk_app_id": "1:811041995141:android:7615793bf574247b",
        "android_client_info": {
          "package_name": "com.borovskoy.autosale"
        }
      },
      "oauth_client": [
        {
          "client_id": "811041995141-0oikrnsa3i9ogl159fe6ep4vu7sbfc3c.apps.googleusercontent.com",
          "client_type": 1,
          "android_info": {
            "package_name": "com.borovskoy.autosale",
            "certificate_hash": "6079323c7f8da8e30b0b8f83825bb6e5a2ecf0c7"
          }
        },
        {
          "client_id": "811041995141-tffdb5thdelfbmj8a5br6pl39l0mcfs4.apps.googleusercontent.com",
          "client_type": 3
        }
      ],
      "api_key": [
        {
          "current_key": "AIzaSyBqZ9WHe0PFHLnSUz6jJpHqqhKrCjJUGlw"
        }
      ],
      "services": {
        "analytics_service": {
          "status": 1
        },
        "appinvite_service": {
          "status": 2,
          "other_platform_oauth_client": [
            {
              "client_id": "811041995141-tffdb5thdelfbmj8a5br6pl39l0mcfs4.apps.googleusercontent.com",
              "client_type": 3
            }
          ]
        },
        "ads_service": {
          "status": 2
        }
      }
    },
    {
      "client_info": {
        "mobilesdk_app_id": "1:811041995141:android:615c9478aca20dce",
        "android_client_info": {
          "package_name": "com.borovskoy.dbfirebasedemo"
        }
      },
      "oauth_client": [
        {
          "client_id": "811041995141-mtl4dtcm8jptk1eldinc4100ntiheh5i.apps.googleusercontent.com",
          "client_type": 1,
          "android_info": {
            "package_name": "com.borovskoy.dbfirebasedemo",
            "certificate_hash": "6079323c7f8da8e30b0b8f83825bb6e5a2ecf0c7"
          }
        },
        {
          "client_id": "811041995141-tffdb5thdelfbmj8a5br6pl39l0mcfs4.apps.googleusercontent.com",
          "client_type": 3
        }
      ],
      "api_key": [
        {
          "current_key": "AIzaSyBqZ9WHe0PFHLnSUz6jJpHqqhKrCjJUGlw"
        }
      ],
      "services": {
        "analytics_service": {
          "status": 1
        },
        "appinvite_service": {
          "status": 2,
          "other_platform_oauth_client": [
            {
              "client_id": "811041995141-tffdb5thdelfbmj8a5br6pl39l0mcfs4.apps.googleusercontent.com",
              "client_type": 3
            }
          ]
        },
        "ads_service": {
          "status": 2
        }
      }
    }
  ],
  "configuration_version": "1"
}